Title,Author,ISBN,My Rating,Date Read,
Tracy Flick Can't Win,Tom Perrotta,1501144065,5,7/8/23,
The Queen of Dirt Island,Donal Ryan,593652932,4,7/3/23,
The Hunting Party,Lucy Foley,8297126,4,7/1/23,
"Another Man's Moccasins (Walt Longmire, #4)",Craig Johnson,670018619,4,6/23/23,
Eat & Run: My Unlikely Journey to Ultramarathon Greatness,Scott Jurek,547569653,4,6/14/23,
The Elephant Vanishes,Haruki Murakami,,4,6/9/23,
The Seven Husbands of Evelyn Hugo,Taylor Jenkins Reid,1501139231,5,5/31/23,
The Last Folk Hero: The Life and Myth of Bo Jackson,Jeff Pearlman,358437679,5,5/27/23,
"Wynd, Book Two: The Secret of the Wings",James Tynion IV,1684158079,3,5/20/23,
"Wynd, Book One: The Flight of the Prince",James Tynion IV,1684156327,3,5/20/23,
"Altered Carbon (Takeshi Kovacs, #1)",Richard K. Morgan,,4,5/13/23,
The Legends Begin (Darkmouth #1),Shane Hegarty,62311255,3,4/26/23,
"Legends & Lattes (Legends & Lattes, #1)",Travis Baldree,,5,4/23/23,
"Let's Explore Diabetes with Owls: Essays, Etc.",David Sedaris,316154695,4,4/17/23,
Lessons in Chemistry,Bonnie Garmus,,3,4/9/23,
The Nineties,Chuck Klosterman,735217955,4,4/8/23,
Under an Outlaw Moon,Dietrich Kalteis,1770415475,4,4/5/23,
The Song of Achilles,Madeline Miller,1408816032,4,3/26/23,
Number One Is Walking: My Life in the Movies and Other Diversions,Steve  Martin,1250815290,3,3/13/23,
"Tress of the Emerald Sea (Hoid's Travails, #1)",Brandon Sanderson,,4,3/11/23,
"All Systems Red (The Murderbot Diaries, #1)",Martha Wells,,4,3/2/23,
"The Unexpected Mrs. Pollifax (Mrs. Pollifax, #1)",Dorothy Gilman,449208281,4,2/26/23,
Potter's Field,Mark Waid,1934506605,5,2/19/23,
The Fifth Season (The Broken Earth #1),N.K. Jemisin,,4,2/17/23,
"A Good Girl's Guide to Murder (A Good Girl's Guide to Murder, #1)",Holly  Jackson,1405293187,4,2/16/23,
"Empire of the Summer Moon: Quanah Parker and the Rise and Fall of the Comanches, the Most Powerful Indian Tribe in American History",S.C. Gwynne,1416591052,4,2/6/23,
The Eighth Detective,Alex Pavesi,125075593X,3,2/2/23,
"Black Hammer, Vol. 1: Secret Origins",Jeff Lemire,1616557869,4,1/19/23,
The Silent Patient,Alex Michaelides,1250301696,3,1/8/23,
The Escapists,Brian K. Vaughan,1593078315,4,12/30/22,
"Superman: Earth One, Volume 3",J. Michael Straczynski,1401241840,4,12/29/22,
"Superman: Earth One, Volume 2",J. Michael Straczynski,1401231969,3,12/28/22,
"Superman: Earth One, Volume 1",J. Michael Straczynski,1401224687,3,12/27/22,
"The Stupidest Angel: A Heartwarming Tale of Christmas Terror (Pine Cove, #3)",Christopher Moore,60842350,4,12/15/22,
Doctor Who: The Twelve Doctors of Christmas,Jacqueline Rayner,1405928956,3,12/12/22,
"The Boy, the Mole, the Fox and the Horse",Charlie Mackesy,1529105102,2,12/4/22,
The Remarkable Journey of Coyote Sunrise (Coyote Sunrise #1),Dan Gemeinhart,,4,12/4/22,
Loki: Mistress Of Mischief,J. Michael Straczynski,1302932802,3,11/30/22,
"Becoming Superman: My Journey from Poverty to Hollywood with Stops Along the Way at Murder, Madness, Mayhem, Movie Stars, Cults, Slums, Sociopaths, and War Crimes",J. Michael Straczynski,62857843,5,11/29/22,
The Sleeper and the Spindle,Neil Gaiman,1408859645,4,11/14/22,
"The Bullet That Missed (Thursday Murder Club, #3)",Richard Osman,241512425,5,11/12/22,
My Horizontal Life: A Collection of One-Night Stands,Chelsea Handler,1582346186,3,11/11/22,
"The Psychology of Money: Timeless Lessons on Wealth, Greed, and Happiness",Morgan Housel,,5,11/5/22,
The Paris Apartment,Lucy Foley,63003058,4,10/26/22,
Hark! A Vagrant,Kate Beaton,1770460608,4,10/20/22,
"Interview with the Vampire (The Vampire Chronicles, #1)",Anne Rice,345476875,3,10/13/22,
The Winter People,Jennifer  McMahon,385538499,4,10/6/22,
Clockwork,Philip Pullman,043985623X,4,10/6/22,
Nothing But Blackened Teeth,Cassandra Khaw,1250759412,3,9/28/22,
Coraline,Neil Gaiman,61139378,4,9/25/22,
"Death on the Nile (Hercule Poirot, #18)",Agatha Christie,,3,9/21/22,
The Hellbound Heart,Clive Barker,61002828,4,9/19/22,
The Souvenir Museum,Elizabeth McCracken,006297128X,4,9/15/22,
"The Maid (Molly the Maid, #1)",Nita Prose,593356152,4,9/8/22,
The Old Woman with the Knife,Gu Byeong-mo,1335425764,3,8/31/22,
The Dog Who Could Fly: The Incredible True Story of a WWII Airman and the Four-Legged Hero Who Flew At His Side,Damien Lewis,1476739145,3,8/23/22,
The Magician's Assistant,Ann Patchett,,5,8/18/22,
"The Library of the Dead (Edinburgh Nights, #1)",T.L. Huchu,1250767768,4,8/15/22,
Blankets,Craig Thompson,1891830430,5,8/10/22,
McCay,Thierry Smolderen,1785868853,3,7/22/22,
The Bazaar of Bad Dreams,Stephen  King,1501111671,4,7/17/22,
Crying in H Mart,Michelle Zauner,525657746,4,7/12/22,
Pulp,Ed Brubaker,1534316442,4,7/1/22,
The Boys in the Boat: Nine Americans and Their Epic Quest for Gold at the 1936 Berlin Olympics,Daniel James Brown,067002581X,5,6/30/22,
Barbara the Slut and Other People,Lauren   Holmes,1594633789,4,6/13/22,
"My Sister, the Serial Killer",Oyinkan Braithwaite,385544235,3,6/6/22,
Artemis,Andy Weir,553448129,4,6/4/22,
"Fortunately, the Milk",Neil Gaiman,62224077,3,5/27/22,
You Can’t Be Serious,Kal Penn,1982171383,3,5/19/22,
"The Cruelest Month (Chief Inspector Armand Gamache, #3)",Louise Penny,755328949,3,5/7/22,
Rasco and the Rats of NIMH,Jane Leslie Conly,,3,4/26/22,
"The Rosie Project (Don Tillman, #1)",Graeme Simsion,1476729085,4,4/25/22,
The Remains of the Day,Kazuo Ishiguro,,3,4/13/22,
Under the Dome,Stephen  King,1439148503,3,4/10/22,
Where the Crawdads Sing,Delia Owens,735219117,4,4/2/22,
"A Fatal Grace (Chief Inspector Armand Gamache, #2)",Louise Penny,312352565,4,3/21/22,
Born a Crime: Stories from a South African Childhood,Trevor Noah,385689225,4,3/19/22,
Mrs. Frisby and the Rats of NIMH,Robert C. O'Brien,689862202,4,3/7/22,
"Neverwhere (London Below, #1)",Neil Gaiman,60557818,4,2/28/22,
Klara and the Sun,Kazuo Ishiguro,,4,2/18/22,
The Storyteller: Tales of Life and Music,Dave Grohl,63076098,4,2/8/22,
The Last Flight,Julie   Clark,1728215722,4,2/6/22,
Cloud Cuckoo Land,Anthony Doerr,1982168439,3,1/30/22,
"A Man With One of Those Faces (Dublin Trilogy publication order, #1; Dublin Trilogy chronological order, #6)",Caimh McDonnell,995507511,4,1/29/22,
"The Book of Magic (Practical Magic, #2)",Alice Hoffman,198215148X,3,1/18/22,
Wuthering Heights,Emily Brontë,,2,1/3/22,
"The Bomber Mafia: A Dream, a Temptation, and the Longest Night of the Second World War",Malcolm Gladwell,316296619,5,11/30/21,
"Harlem Shuffle (Ray Carney, #1)",Colson Whitehead,385545134,5,11/15/21,
"The Man Who Died Twice (Thursday Murder Club, #2)",Richard Osman,,5,10/29/21,
"Lovecraft Country (Lovecraft Country, #1)",Matt Ruff,,5,10/9/21,
The Only Good Indians,Stephen Graham Jones,1982136456,5,9/27/21,
"The Pillars of the Earth (Kingsbridge, #1)",Ken Follett,045122213X,5,8/12/21,
Motherless Brooklyn,Jonathan Lethem,345803396,5,6/23/21,
The Things They Carried,Tim O'Brien,767902890,5,5/6/21,
"The Wise Man's Fear (The Kingkiller Chronicle, #2)",Patrick Rothfuss,756404738,5,1/29/21,
Commonwealth,Ann Patchett,62491792,5,1/28/21,
The Lincoln Highway,Amor Towles,735222355,4,12/18/21,
A Christmas Carol,Charles Dickens,1561797464,4,12/10/21,
"Trejo: My Life of Crime, Redemption, and Hollywood",Danny Trejo,1982150823,4,11/26/21,
The Guest List,Lucy Foley,,4,10/28/21,
The Confidence Men: How Two Prisoners of War Engineered the Most Remarkable Escape in History,Margalit Fox,1984853848,4,10/23/21,
Dr. Jekyll and Mr. Hyde,Robert Louis Stevenson,451528956,4,9/26/21,
"City of Ghosts (Cassidy Blake, #1)",Victoria Schwab,1338111035,4,9/20/21,
"The Amazing Maurice and His Educated Rodents (Discworld, #28)",Terry Pratchett,006001234X,4,9/18/21,
"On the Far Side of the Mountain (Mountain, #2)",Jean Craighead George,141312416,4,9/14/21,
"The Escape (Snowpiercer, #1)",Jacques Lob,1782761438,4,9/1/21,
Transcendent Kingdom,Yaa Gyasi,,4,8/4/21,
Food Rules: An Eater's Manual,Michael Pollan,014311638X,4,7/27/21,
Code Talker: The First and Only Memoir By One of the Original Navajo Code Talkers of WWII,Chester Nez,425244237,4,6/13/21,
"Persepolis: The Story of a Childhood (Persepolis, #1)",Marjane Satrapi,037571457X,4,5/29/21,
Almost Somewhere: Twenty-Eight Days on the John Muir Trail (Outdoor Lives),Suzanne   Roberts,803240120,4,5/29/21,
Interior Chinatown,Charles Yu,,4,4/22/21,
"The Hobbit, or There and Back Again",J.R.R. Tolkien,,4,4/21/21,
The Kite Runner,Khaled Hosseini,159463193X,4,4/19/21,
From the Mixed-Up Files of Mrs. Basil E. Frankweiler,E.L. Konigsburg,744583276,4,4/11/21,
Sandworm: A New Era of Cyberwar and the Hunt for the Kremlin's Most Dangerous Hackers,Andy Greenberg,385544413,4,4/6/21,
Code Name Hélène,Ariel Lawhon,385544685,4,3/19/21,
The Invisible Life of Addie LaRue,V.E. Schwab,765387565,4,2/22/21,
"The Midnight Library (The Midnight World, #1)",Matt Haig,525559485,4,2/7/21,
Presenting Design Work,Donna Spencer,1937557804,4,1/8/21,
Squeeze Me (Skink #8),Carl Hiaasen,,4,1/7/21,
"Strange Planet (Strange Planet, #1)",Nathan W. Pyle,62970704,4,1/5/21,
Dark Tales,Shirley Jackson,241295424,3,10/18/21,
"The Bear and the Nightingale (The Winternight Trilogy, #1)",Katherine Arden,1101885939,3,8/31/21,
"The Tales of Beedle the Bard (Hogwarts Library, #3)",J.K. Rowling,747599874,3,8/17/21,
From a Buick 8,Stephen  King,743211375,3,5/22/21,
Mexican Gothic,Silvia Moreno-Garcia,525620788,3,5/14/21,
"Still Life (Chief Inspector Armand Gamache, #1)",Louise Penny,312948557,3,5/7/21,
Catch Me If You Can: The True Story of a Real Fake,Frank W. Abagnale,1840187166,3,5/2/21,
The Natural,Bernard Malamud,374502005,3,4/12/21,
"Storm Front (The Dresden Files, #1)",Jim  Butcher,451457811,3,4/4/21,
A Reunion of Ghosts,Judith Claire Mitchell,62355880,3,3/27/21,
"Time and Again (Time, #1)",Jack Finney,575073608,3,3/10/21,
Exercised: Why Something We Never Evolved to Do Is Healthy and Rewarding,Daniel E. Lieberman,1524746983,3,3/1/21,
The War on Normal People: The Truth About America's Disappearing Jobs and Why Universal Basic Income Is Our Future,Andrew   Yang,316414247,3,1/19/21,
The Alchemist,Paulo Coelho,62315005,2,2/5/21,
"My Side of the Mountain (Mountain, #1)",Jean Craighead George,142401110,0,9/5/21,
The Witch's Heart,Genevieve Gornichec,059309994X,0,8/27/21,
You Never Forget Your First: A Biography of George Washington,Alexis Coe,735224102,3,12/30/20,
Fangs,Sarah Andersen,,0,12/30/20,
"Spirit of Steamboat (Walt Longmire, #9.1)",Craig Johnson,670015784,3,12/26/20,
The Afterlife of Holly Chase,Cynthia Hand,62318500,4,12/19/20,
The Thursday Murder Club,Richard Osman,1984880969,4,12/11/20,
Wishin' and Hopin',Wally Lamb,,3,12/10/20,
Becoming Duchess Goldblatt,Duchess Goldblatt,035821677X,5,12/2/20,
"Magic Lessons (Practical Magic, #0.1)",Alice Hoffman,1982108843,5,11/29/20,
Rules of Civility,Amor Towles,,4,11/29/20,
The Deep,Nick Cutter,1476717737,4,11/14/20,
"A Deadly Education (The Scholomance, #1)",Naomi Novik,593128486,3,11/7/20,
The Taking of K-129: How the CIA Used Howard Hughes to Steal a Russian Sub in the Most Daring Covert Operation in History,Josh Dean,1101984430,4,10/30/20,
"Outlander (Outlander, #1)",Diana Gabaldon,440242940,4,10/10/20,
A Man Called Ove,Fredrik Backman,1476738017,3,10/4/20,
The Red Garden,Alice Hoffman,307393879,3,9/16/20,
The Thief of Always,Clive Barker,64409945,4,9/13/20,
The Dutch House,Ann Patchett,62963678,5,9/11/20,
Calypso,David Sedaris,316392359,4,9/4/20,
"Six of Crows (Six of Crows, #1)",Leigh Bardugo,1627792120,4,9/3/20,
AWOL on the Appalachian Trail,David Miller,1595940561,4,8/23/20,
"The Name of the Wind (The Kingkiller Chronicle, #1)",Patrick Rothfuss,075640407X,4,8/15/20,
Permanent Record,Edward Snowden,1250237238,4,8/8/20,
"User Friendly: How the Hidden Rules of Design Are Changing the Way We Live, Work, and Play",Cliff Kuang,,5,7/29/20,
"Ninth House (Alex Stern, #1)",Leigh Bardugo,1250313074,5,7/28/20,
"Crazy Rich Asians (Crazy Rich Asians, #1)",Kevin Kwan,385536976,4,7/21/20,
Shakespeare for Squirrels,Christopher Moore,62434020,4,7/15/20,
Circe,Madeline Miller,316556343,5,7/10/20,
The Nickel Boys,Colson Whitehead,385537077,5,7/3/20,
"Dear Martin (Dear Martin, #1)",Nic Stone,,4,6/27/20,
There There,Tommy Orange,,4,6/26/20,
Wolverine,Chris Claremont,785123296,3,6/22/20,
"Sigh, Gone: A Misfit's Memoir of Great Books, Punk Rock, and the Fight to Fit In",Phuc  Tran,1250194717,3,6/20/20,
City of Thieves,David Benioff,670018708,4,6/18/20,
"A Darker Shade of Magic (Shades of Magic, #1)",V.E. Schwab,765376458,4,6/14/20,
Wild: From Lost to Found on the Pacific Crest Trail,Cheryl Strayed,307592731,5,6/11/20,
If It Bleeds (Holly Gibney #2),Stephen  King,,4,6/6/20,
The Night Watchman,Louise Erdrich,62671200,5,5/31/20,
"The Lady in the Lake (Philip Marlowe, #4)",Raymond Chandler,394758250,3,5/24/20,
"The Sign of Four (Sherlock Holmes, #2)",Arthur Conan Doyle,,3,5/19/20,
"One for the Money (Stephanie Plum, #1)",Janet Evanovich,312362080,3,5/17/20,
"A Study in Scarlet (Sherlock Holmes, #1)",Arthur Conan Doyle,1420925539,4,5/6/20,
"The Year of Less: How I Stopped Shopping, Gave Away My Belongings, and Discovered Life Is Worth More Than Anything You Can Buy in a Store",Cait Flanders,1401954871,4,4/26/20,
"The Eyre Affair (Thursday Next, #1)",Jasper Fforde,1101158514,3,4/20/20,
Becoming,Michelle Obama,1524763136,5,4/17/20,
Every Tool's a Hammer: Life Is What You Make It,Adam Savage,1982113472,5,4/5/20,
"Sin in the Second City: Madams, Ministers, Playboys, and the Battle for America's Soul",Karen Abbott,1400065305,3,3/6/20,
Educated,Tara Westover,399590501,4,2/24/20,
Dead Wake: The Last Crossing of the Lusitania,Erik Larson,307408868,5,2/12/20,
Biking Through,Paul V. Stutzman,,3,2/10/20,
Never Grow Up,Jackie Chan,147117722X,5,2/3/20,
Eleanor Oliphant Is Completely Fine,Gail Honeyman,735220689,4,1/26/20,
Talking to Strangers: What We Should Know About the People We Don't Know,Malcolm Gladwell,316478520,4,1/22/20,
A Gentleman in Moscow,Amor Towles,,5,1/18/20,
The Life and Afterlife of Harry Houdini,Joe Posnanski,1508297681,4,1/15/20,
A Visit from the Goon Squad,Jennifer Egan,307592839,3,1/9/20,
"Dear Girls: Intimate Tales, Untold Secrets, & Advice for Living Your Best Life",Ali Wong,052550883X,3,1/2/20,
Carnegie's Maid,Marie Benedict,149264661X,4,12/23/19,
Shoe Dog: A Memoir by the Creator of Nike,Phil Knight,1501135910,5,12/12/19,
"A Christmas Memory, One Christmas, & The Thanksgiving Visitor",Truman Capote,,4,12/10/19,
Food: A Love Story,Jim Gaffigan,804140413,4,12/5/19,
"The Bone Witch (The Bone Witch, #1)",Rin Chupeco,1492635820,3,11/24/19,
The Tremor of Forgery,Patricia Highsmith,871132583,2,11/19/19,
Midnight in Chernobyl: The Untold Story of the World's Greatest Nuclear Disaster,Adam Higginbotham,1501134612,4,11/15/19,
They Called Us Enemy,George Takei,1603094504,4,11/9/19,
Play Hungry: The Making of a Baseball Player,Pete Rose,525558675,4,11/6/19,
Churchill's Ministry of Ungentlemanly Warfare: The Mavericks Who Plotted Hitler's Defeat,Giles Milton,1250119022,5,11/2/19,
Pumpkinheads,Rainbow Rowell,125031285X,4,10/14/19,
The Dark Descent of Elizabeth Frankenstein,Kiersten White,525577947,4,10/11/19,
World War Z: An Oral History of the Zombie War,Max Brooks,307346609,5,10/4/19,
The Corrections,Jonathan Franzen,1841156736,4,9/25/19,
The Witches of Eastwick,John Updike,449912108,3,9/19/19,
Batman: Hush,Jeph Loeb,1401223176,2,9/16/19,
Be Prepared,Vera Brosgol,162672444X,4,9/10/19,
"Mouse Guard: Fall 1152 (Mouse Guard, #1)",David Petersen,1932386572,3,9/8/19,
"The Book Woman of Troublesome Creek (The Book Woman of Troublesome Creek, #1)",Kim Michele Richardson,,4,9/8/19,
Trigger Warning: Short Fictions and Disturbances,Neil Gaiman,62330268,4,9/7/19,
Sourdough,Robin Sloan,374203105,5,8/30/19,
Deep and Dark and Dangerous (A Ghost Story),Mary Downing Hahn,618665455,3,8/26/19,
More Bones,Arielle North Olson,670063398,3,8/24/19,
"The Rules of Magic (Practical Magic, #0.2)",Alice Hoffman,,4,8/21/19,
Anya's Ghost,Vera Brosgol,1596437138,4,8/17/19,
"Maid: Hard Work, Low Pay, and a Mother's Will to Survive",Stephanie  Land,,3,8/13/19,
The Saturday Night Ghost Club,Craig Davidson,735274827,3,8/9/19,
City of Girls,Elizabeth Gilbert,1594634734,4,8/7/19,
"The Kremlin's Candidate (Red Sparrow Trilogy, #3)",Jason  Matthews,1501140086,4,7/28/19,
"Sorcery of Thorns (Sorcery of Thorns, #1)",Margaret  Rogerson,1481497618,4,7/15/19,
Philip K. Dick: A Comics Biography,Laurent Queyssi,1681121913,3,7/14/19,
Death Wins a Goldfish: Reflections from a Grim Reaper's Yearlong Sabbatical,Brian Rea,1452172552,4,7/11/19,
Something from the Oven: Reinventing Dinner in 1950s America,Laura Shapiro,014303491X,3,7/9/19,
Madame Fourcade's Secret War: The Daring Young Woman Who Led France's Largest Spy Network Against Hitler,Lynne Olson,,4,7/5/19,
The Cactus Eaters: How I Lost My Mind and Almost Found Myself on the Pacific Crest Trail,Dan White,61376930,4,6/12/19,
You & a Bike & a Road,Eleanor Davis,1927668409,4,6/11/19,
O Pioneers!,Willa Cather,679743626,3,5/29/19,
This One Summer,Mariko Tamaki,1626720940,5,5/28/19,
Christine,Stephen  King,2253147699,5,5/27/19,
My Ántonia,Willa Cather,1583485090,5,5/17/19,
Always Look on the Bright Side of Life: A Sortabiography,Eric Idle,1984822586,5,5/12/19,
Kindred,Octavia E. Butler,807083690,4,5/6/19,
Bolivar,Sean Rubin,1684150698,4,4/29/19,
Elevation,Stephen  King,1982102314,4,4/28/19,
Warlight,Michael Ondaatje,1787330729,3,4/26/19,
"Giant Days, Vol. 9 (Giant Days #9)",John Allison,,4,4/24/19,
"Giant Days, Vol. 8 (Giant Days, #8)",John Allison,1684152070,4,4/24/19,
"Giant Days, Vol. 7 (Giant Days, #7)",John Allison,1684151317,4,4/23/19,
"Giant Days, Vol. 6 (Giant Days, #6)",John Allison,1684150280,4,4/22/19,
"Giant Days, Vol. 5 (Giant Days, #5)",John Allison,1608869822,4,4/22/19,
"Giant Days, Vol. 4 (Giant Days, #4)",John Allison,1608869385,4,4/21/19,
"Giant Days, Vol. 3 (Giant Days, #3)",John Allison,1608868516,4,4/21/19,
"Giant Days, Vol. 2 (Giant Days, #2)",John Allison,1608868044,4,4/21/19,
"Giant Days, Vol. 1 (Giant Days, #1)",John Allison,1608867897,4,4/21/19,
Batman: White Knight,Sean Gordon Murphy,140128986X,4,4/15/19,
"The Golden Compass (His Dark Materials, #1)",Philip Pullman,679879242,3,4/12/19,
"Golden Son (Red Rising Saga, #2)",Pierce Brown,345539826,4,4/11/19,
The Millionaire Next Door: The Surprising Secrets of America's Wealthy,Thomas J. Stanley,671015206,3,4/4/19,
The Force,Don Winslow,62664417,4,4/1/19,
"Palace of Treason (Red Sparrow Trilogy, #2)",Jason  Matthews,1476793743,4,3/27/19,
Paperbacks from Hell: The Twisted History of '70s and '80s Horror Fiction,Grady Hendrix,1594749817,4,3/15/19,
Beastie Boys Book,Michael    Diamond,812995546,3,3/14/19,
Wild Bill Donovan: The Spymaster Who Created the OSS and Modern American Espionage,Douglas C. Waller,1416567445,4,3/3/19,
Killing Patton: The Strange Death of World War II's Most Audacious General,Bill O'Reilly,805096698,5,2/17/19,
"Things Fall Apart (The African Trilogy, #1)",Chinua Achebe,,3,2/11/19,
"Death Without Company (Walt Longmire, #2)",Craig Johnson,143038389,4,2/4/19,
The Chaperone,Laura Moriarty,1594487014,3,2/2/19,
The Big Fella: Babe Ruth and the World He Created,Jane Leavy,62380249,2,1/24/19,
"Mistborn: The Final Empire (Mistborn, #1)",Brandon Sanderson,,4,1/21/19,
"The Beekeeper's Apprentice (Mary Russell and Sherlock Holmes, #1)",Laurie R. King,553381520,5,1/16/19,
Operation Mincemeat: How a Dead Man and a Bizarre Plan Fooled the Nazis and Assured an Allied Victory,Ben Macintyre,747598681,4,1/9/19,
Killers of the Flower Moon: The Osage Murders and the Birth of the FBI,David Grann,385534256,4,12/18/18,
"Three Cups of Deceit: How Greg Mortenson, Humanitarian Hero, Lost His Way",Jon Krakauer,1614520011,3,12/3/18,
Fantastic Beasts and Where to Find Them,Newt Scamander,439321603,4,11/29/18,
The Gentle Art of Swedish Death Cleaning,Margareta Magnusson,1501173243,0,11/28/18,
City of Devils: The Two Men Who Ruled the Underworld of Old Shanghai,Paul   French,1427298467,4,11/21/18,
The Mistletoe Murder And Other Stories,P.D. James,1524708089,3,11/13/18,
"One Second After (After, #1)",William R. Forstchen,765317583,3,11/6/18,
It,Stephen  King,450411435,4,10/24/18,
Spinning Silver,Naomi Novik,,2,10/14/18,
"Ghost (Track, #1)",Jason Reynolds,1481450158,3,10/4/18,
11/22/63,Stephen  King,1451627289,5,10/3/18,
Refugee,Alan Gratz,545880874,4,9/20/18,
A Separate Peace,John Knowles,,4,9/14/18,
Norse Mythology,Neil Gaiman,,0,9/11/18,
Future Home of the Living God,Louise Erdrich,62694057,3,9/6/18,
Carrion Comfort,Dan Simmons,446359203,2,9/4/18,
"The Magician’s Nephew (Chronicles of Narnia, #1)",C.S. Lewis,60764902,3,9/2/18,
"David and Goliath: Underdogs, Misfits, and the Art of Battling Giants",Malcolm Gladwell,316204366,3,8/20/18,
"An Event in Autumn (Kurt Wallander, #9.5)",Henning Mankell,804170649,3,8/14/18,
"Hatchet (Brian's Saga, #1)",Gary Paulsen,689840926,4,8/10/18,
Mrs. Fletcher,Tom Perrotta,1501144022,4,8/8/18,
"The Giver (The Giver, #1)",Lois Lowry,385732554,4,8/1/18,
Noir,Christopher Moore,62433970,3,7/28/18,
"Red Rising (Red Rising Saga, #1)",Pierce Brown,345539788,4,7/27/18,
"American Gods: Tenth Anniversary (American Gods, #1)",Neil Gaiman,,5,7/18/18,
The 13 Clocks,James Thurber,440405823,3,7/5/18,
"Sing, Unburied, Sing",Jesmyn Ward,,4,7/2/18,
"Red Sparrow (Red Sparrow Trilogy, #1)",Jason  Matthews,1476706123,5,7/1/18,
Sapiens: A Brief History of Humankind,Yuval Noah Harari,,5,6/25/18,
Post Office,Charles Bukowski,,4,6/9/18,
Go Set a Watchman,Harper Lee,62409859,2,6/5/18,
The Devil in the White City,Erik Larson,,3,5/21/18,
Between the World and Me,Ta-Nehisi Coates,,3,5/17/18,
Team of Teams: New Rules of Engagement for a Complex World,Stanley McChrystal,1591847486,3,5/7/18,
Nature Girl,Carl Hiaasen,,4,4/17/18,
The Midnight Cool,Lydia Peelle,62475495,3,4/10/18,
Astrophysics for People in a Hurry,Neil deGrasse Tyson,393609391,4,3/29/18,
The Life and Times of the Thunderbolt Kid,Bill Bryson,076791936X,5,3/19/18,
Hombre,Elmore Leonard,,3,3/13/18,
"Unbroken: A World War II Story of Survival, Resilience and Redemption",Laura Hillenbrand,1400064163,4,3/6/18,
Mating in Captivity: Unlocking Erotic Intelligence,Esther Perel,,3,3/4/18,
"Teacher Man (Frank McCourt, #3)",Frank McCourt,743243781,0,2/23/18,
'Tis,Frank McCourt,6551815,3,2/19/18,
"Angela’s Ashes (Frank McCourt, #1)",Frank McCourt,7205236,0,2/7/18,
"Dodge City: Wyatt Earp, Bat Masterson, and the Wickedest Town in the American West (Frontier Lawmen)",Tom Clavin,,3,2/6/18,
The Best We Could Do,Thi Bui,1419718770,4,1/21/18,
Lincoln in the Bardo,George Saunders,,4,1/19/18,
Secondhand Souls (Grim Reaper #2),Christopher Moore,,3,1/15/18,
Evicted: Poverty and Profit in the American City,Matthew Desmond,553447432,4,12/31/17,
Water for Elephants,Sara Gruen,1565125606,4,12/21/17,
Annihilation (Southern Reach #1),Jeff Vandermeer,1443428396,4,12/12/17,
Batman: The Night of the Owls,Scott Snyder,1401237738,4,12/3/17,
"Murder on the Orient Express (Hercule Poirot, #10)",Agatha Christie,7119313,4,11/28/17,
"Poison Study (Study, #1)",Maria V. Snyder,778324338,3,11/26/17,
"The Cold Dish (Walt Longmire, #1)",Craig Johnson,143036424,4,11/23/17,
Slade House,David  Mitchell,812998685,4,10/22/17,
The Stepford Wives,Ira Levin,60080841,3,10/14/17,
Uprooted,Naomi Novik,804179034,5,9/14/17,
"Mr. Penumbra's 24-Hour Bookstore (Mr. Penumbra's 24-Hour Bookstore, #1)",Robin Sloan,374214913,5,8/28/17,
The Westing Game,Ellen Raskin,014240120X,3,8/22/17,
Hillbilly Elegy: A Memoir of a Family and Culture in Crisis,J.D. Vance,,4,7/27/17,
Made for Love,Alissa Nutting,62280554,3,7/16/17,
Set the Boy Free,Johnny Marr,62438727,3,7/2/17,
"Razor Girl (Andrew Yancy, #2)",Carl Hiaasen,385349742,4,6/25/17,
Drop Dead Healthy: One Man's Humble Quest for Bodily Perfection,A.J. Jacobs,141659907X,3,6/21/17,
"Artemis Fowl (Artemis Fowl, #1)",Eoin Colfer,,2,6/17/17,
"The Wind Through the Keyhole (The Dark Tower, #4.5)",Stephen  King,,3,6/12/17,
The Girl on the Train,Paula Hawkins,1594633665,4,5/18/17,
The Sleepwalker,Chris Bohjalian,038553891X,3,5/3/17,
Station Eleven,Emily St. John Mandel,385353308,4,5/1/17,
"The Enchantress (The Secrets of the Immortal Nicholas Flamel, #6)",Michael  Scott,385735359,4,4/30/17,
"The Warlock (The Secrets of the Immortal Nicholas Flamel, #5)",Michael  Scott,385735332,3,4/26/17,
"The Necromancer  (The Secrets of the Immortal Nicholas Flamel, #4)",Michael  Scott,385905165,4,4/21/17,
"The Sorceress (The Secrets of the Immortal Nicholas Flamel, #3)",Michael  Scott,385735294,4,4/18/17,
"The Magician (The Secrets of the Immortal Nicholas Flamel, #2)",Michael  Scott,385733585,4,4/15/17,
Sneaky People,Thomas Berger,743257952,3,4/2/17,
The Cocktail Waitress,James M. Cain,1781160325,3,3/26/17,
"Mossflower (Redwall, #2)",Brian Jacques,,4,3/23/17,
"Delivering Happiness: A Path to Profits, Passion, and Purpose",Tony Hsieh,446563048,2,3/8/17,
"Killing Floor (Jack Reacher, #1)",Lee Child,515141429,4,2/23/17,
The Nightingale,Kristin Hannah,312577222,5,1/31/17,
Marx,Corinne Maier,1907704833,3,1/16/17,
"The Alchemyst (The Secrets of the Immortal Nicholas Flamel, #1)",Michael  Scott,552562521,5,1/15/17,
Einstein (Heroes of the Mind),Corinne Maier,1910620017,4,1/2/17,
The Big Short: Inside the Doomsday Machine,Michael   Lewis,039335315X,3,12/10/16,
Kill My Mother,Jules Feiffer,871403145,3,12/7/16,
"Hollywood Frame by Frame: The Unseen Silver Screen in Contact Sheets, 1951-1997",Karina Longworth,1616892595,4,11/21/16,
Cousin Joseph,Jules Feiffer,1631490656,4,11/15/16,
"The Mummy, the Will, and the Crypt",John Bellairs,014240263X,4,9/5/16,
"The Gates (Samuel Johnson, #1)",John Connolly,340995793,4,9/1/16,
"Redwall (Redwall, #1)",Brian Jacques,,4,7/11/16,
"Maus I: A Survivor's Tale: My Father Bleeds History (Maus, #1)",Art Spiegelman,394541553,4,4/10/16,
The Martian,Andy Weir,804139024,4,4/8/16,
Norwood,Charles Portis,879517034,3,3/21/16,
"Skin Tight (Mick Stranahan, #1)",Carl Hiaasen,446695696,3,10/22/15,
Armada,Ernest Cline,804137250,5,9/16/15,
The Ocean at the End of the Lane,Neil Gaiman,62255657,5,6/18/15,
Gone Girl,Gillian Flynn,553418351,4,6/9/15,
Love in the Time of Cholera,Gabriel García Márquez,140003468X,2,5/29/15,
"The Girl Who Kicked the Hornet’s Nest (Millennium, #3)",Stieg Larsson,030726999X,4,1/20/15,
And Then There Were None,Agatha Christie,312330871,4,9/30/14,
The Graveyard Book,Neil Gaiman,60530928,4,8/26/14,
"The Magician's Land (The Magicians, #3)",Lev Grossman,,4,8/19/14,
Ape House,Sara Gruen,385664443,2,4/27/14,
"Wheelmen: Lance Armstrong, the Tour de France, and the Greatest Sports Conspiracy Ever",Reed Albergotti,1592408486,4,4/5/14,
"Bike Snob Abroad: Strange Customs, Incredible Fiets, and the Quest for Cycling Paradise",BikeSnobNYC,1452105251,3,3/4/14,
The Art of Racing in the Rain,Garth Stein,1554681723,4,1/10/14,
"A Wizard of Earthsea (Earthsea Cycle, #1)",Ursula K. Le Guin,,3,12/26/13,
"Kill the Dead (Sandman Slim, #2)",Richard Kadrey,61714313,4,11/28/13,
"The Shining (The Shining, #1)",Stephen  King,450040186,4,10/17/13,
"The Hunt for Red October (Jack Ryan Universe, #4)",Thomas L. Clancy,870212850,4,9/22/13,
Unknown Pleasures: Inside Joy Division,Peter Hook,62222562,3,8/28/13,
Shadow Divers,Robert Kurson,,3,8/19/13,
"Fatale, Vol. 1: Death Chases Me",Ed Brubaker,1607065630,3,8/6/13,
The Grifters,Jim Thompson,679732489,4,8/4/13,
"The Letter, the Witch, and the Ring",John Bellairs,142402613,3,7/28/13,
"A Dance with Dragons (A Song of Ice and Fire, #5)",George R.R. Martin,,4,7/8/13,
"A Feast for Crows (A Song of Ice and Fire, #4)",George R.R. Martin,,4,4/26/13,
Shazam!: The Golden Age of the World's Mightiest Mortal,Chip Kidd,810995964,3,2/10/13,
This Is How You Lose Her,Junot Díaz,1594487367,3,1/29/13,
The Night Circus,Erin Morgenstern,,4,1/13/13,
Food Matters: A Guide to Conscious Eating with More Than 75 Recipes,Mark Bittman,1416575642,4,1/4/13,
"Sandman Slim (Sandman Slim, #1)",Richard Kadrey,61714305,4,10/22/12,
"John Dies at the End (John Dies at the End, #1)",David  Wong,978970764,4,9/25/12,
"Ready Player One (Ready Player One, #1)",Ernest Cline,030788743X,5,8/29/12,
Candide,Voltaire,486266893,3,8/25/12,
"The Magician King (The Magicians, #2)",Lev Grossman,043402080X,4,8/15/12,
"Practical Demonkeeping (Pine Cove, #1)",Christopher Moore,60735422,3,7/4/12,
"A Storm of Swords (A Song of Ice and Fire, #3)",George R.R. Martin,,5,6/12/12,
The Guns of the South,Harry Turtledove,345413660,4,3/2/12,
"The Blessing Way (Leaphorn & Chee, #1)",Tony Hillerman,61000019,3,1/29/12,
"Cannery Row (Cannery Row, #1)",John Steinbeck,014200068X,5,1/17/12,
The Outsiders,S.E. Hinton,670532576,3,11/29/11,
Marvels,Kurt Busiek,785100490,3,11/24/11,
The Postmortal,Drew Magary,143119826,5,11/18/11,
"Catching Fire (The Hunger Games, #2)",Suzanne Collins,439023491,4,11/5/11,
Treasure Island,Robert Louis Stevenson,753453800,3,10/18/11,
"The Hunger Games (The Hunger Games, #1)",Suzanne Collins,439023483,4,10/7/11,
The Killer Inside Me,Jim Thompson,679733973,4,10/3/11,
Roald Dahl's Book of Ghost Stories,Roald Dahl,140071784,3,10/2/11,
"A Tale Dark & Grimm (A Tale Dark & Grimm, #1)",Adam Gidwitz,525423346,4,10/1/11,
"Books of Blood: Volume One (Books of Blood, #1)",Clive Barker,425083896,3,9/13/11,
Death: The High Cost of Living,Neil Gaiman,1852864982,3,9/4/11,
The Figure in the Shadows,John Bellairs,142402605,4,9/3/11,
The Vintage Bradbury: The Greatest Stories by America's Most Distinguished Practioner of Speculative Fiction,Ray Bradbury,679729461,4,8/28/11,
Manthropology: The Science of Why the Modern Male Is Not the Man He Used to Be,Peter Mcallister,,3,6/29/11,
"A Clash of Kings (A Song of Ice and Fire, #2)",George R.R. Martin,,0,4/26/11,
"52 Loaves: One Man's Relentless Pursuit of Truth, Meaning, and a Perfect Crust",William   Alexander,1565125835,4,3/17/11,
True Grit,Charles Portis,1585673692,4,3/3/11,
Something Wicked This Way Comes,Ray Bradbury,380729407,4,3/1/11,
Rules for My Unborn Son,Walker Lamond,312608950,4,2/19/11,
Point Man: How a Man Can Lead His Family,Steve Farrar,1590521269,1,2/18/11,
"Ripley's Game (Ripley, #3)",Patricia Highsmith,99283689,3,2/6/11,
Sway: The Irresistible Pull of Irrational Behavior,Ori Brafman,385524382,1,1/20/11,
Batman: The Black Casebook,Bill Finger,1401222641,4,1/20/11,
"The Magicians (The Magicians, #1)",Lev Grossman,670020559,4,1/1/11,
"Good Omens: The Nice and Accurate Prophecies of Agnes Nutter, Witch",Terry Pratchett,,3,12/22/10,
Rework,Jason Fried,307463745,4,12/15/10,
Marvel 1985,Mark Millar,1846534062,4,12/8/10,
"Ender’s Game (Ender's Saga, #1)",Orson Scott Card,812550706,4,11/10/10,
A Long Way Down,Nick Hornby,1594481938,3,10/30/10,
The Haunting of Hill House,Shirley Jackson,143039989,3,10/24/10,
Wait Till Helen Comes: A Ghost Story,Mary Downing Hahn,547028644,3,9/24/10,
The Curse of the Blue Figurine,John Bellairs,142402583,3,9/21/10,
"A Game of Thrones (A Song of Ice and Fire, #1)",George R.R. Martin,553588486,4,9/14/10,
The Traveling Vampire Show,Richard Laymon,843948507,3,8/12/10,
Kick-Ass,Mark Millar,785132619,3,8/10/10,
Siddhartha,Hermann Hesse,,3,7/28/10,
"Jaws (Jaws, #1)",Peter Benchley,,4,7/10/10,
Where Men Win Glory: The Odyssey of Pat Tillman,Jon Krakauer,385522266,4,7/2/10,
Outliers: The Story of Success,Malcolm Gladwell,316017922,5,6/17/10,
Franny and Zooey,J.D. Salinger,316769029,3,6/9/10,
"Lamb: The Gospel According to Biff, Christ’s Childhood Pal",Christopher Moore,380813815,5,5/26/10,
"Rising Stars, Vol. 2: Power",J. Michael Straczynski,1582402264,4,5/25/10,
Lord of the Flies,William Golding,,3,4/4/10,
"Ripley Under Ground (Ripley, #2)",Patricia Highsmith,679742301,4,3/9/10,
Earth Abides,George R. Stewart,345487133,4,2/25/10,
"Good-Bye, Chunky Rice",Craig Thompson,375714766,3,2/8/10,
The Nightly News,Jonathan Hickman,1582407665,3,2/7/10,
A Confederacy of Dunces,John Kennedy Toole,802130208,4,2/7/10,
Identity Crisis,Brad Meltzer,1401204589,4,1/24/10,
"Farewell, My Lovely (Philip Marlowe, #2)",Raymond Chandler,,4,1/5/10,
"You Suck (A Love Story, #2)",Christopher Moore,60590297,4,12/31/09,
Look at the Birdie: Unpublished Short Fiction,Kurt Vonnegut Jr.,038534371X,3,12/26/09,
The Splendid Table's How to Eat Supper,Lynne Rossetto Kasper,307346714,4,12/11/09,
The Road,Cormac McCarthy,307265439,5,12/11/09,
The Martian Chronicles,Ray Bradbury,553278223,4,12/4/09,
The Sea Wolf,Jack London,1598184318,5,11/17/09,
In Defense of Food: An Eater's Manifesto,Michael Pollan,1594201455,5,10/28/09,
The October Country,Ray Bradbury,380973871,3,10/16/09,
From Hell,Alan             Moore,861661419,5,10/3/09,
The Phantom Tollbooth,Norton Juster,394820371,5,8/27/09,
The Tooth Fairy,Graham Joyce,312868332,4,7/15/09,
Monster Spotter's Guide to North America,Scott Francis,1581809298,4,7/5/09,
Catch-22,Joseph Heller,684833395,4,6/11/09,
"The League of Extraordinary Gentlemen, Vol. 2",Alan             Moore,1401201180,3,5/2/09,
Don't Make Me Think: A Common Sense Approach to Web Usability,Steve Krug,321344758,5,4/20/09,
Frankenstein,Mary Wollstonecraft Shelley,,5,3/15/09,
"Charlie and the Chocolate Factory (Charlie Bucket, #1)",Roald Dahl,142403881,4,3/8/09,
A Practical Guide to Designing for the Web,Mark Boulton,,5,2/26/09,
Watchmen,Alan             Moore,930289234,5,2/24/09,
Chess for Dummies,James Eade,764584049,3,1/26/09,
House of Leaves,Mark Z. Danielewski,,5,1/7/09,
The History of Love,Nicole Krauss,393328627,4,12/21/08,
The Curious Case of Benjamin Button: A Graphic Novel,F. Scott Fitzgerald,1594742812,4,11/22/08,
"The Goon, Volume 2: My Murderous Childhood (and Other Grievous Yarns)",Eric Powell,1593071094,5,11/19/08,
The Haunted Looking Glass,Edward Gorey,940322684,4,11/3/08,
The Confession,Domenic Stansberry,843953543,3,10/16/08,
I Am Legend,Richard Matheson,765357151,3,10/13/08,
"A Wrinkle in Time (A Wrinkle in Time Quintet, #1)",Madeleine L'Engle,374386137,4,10/7/08,
"A Dirty Job (Grim Reaper, #1)",Christopher Moore,60590270,5,10/4/08,
Choke,Chuck Palahniuk,385720920,4,9/23/08,
Ham on Rye,Charles Bukowski,006117758X,4,9/13/08,
Mobile Web Design,Cameron Moll,615185916,3,9/7/08,
Feasting on Asphalt: The River Run,Alton Brown,1584796812,4,9/2/08,
"Practical Magic (Practical Magic, #1)",Alice Hoffman,399140557,3,8/27/08,
"The Gunslinger Born (Stephen King's The Dark Tower: Beginnings, #1)",Peter David,785121447,4,8/26/08,
America (The Book): A Citizen's Guide to Democracy Inaction,Jon   Stewart,713998946,4,8/20/08,
"The Sandman, Vol. 3: Dream Country",Neil Gaiman,156389226X,3,8/19/08,
"The Sandman, Vol. 2: The Doll's House",Neil Gaiman,1563892251,3,8/12/08,
"The Sandman, Vol. 1: Preludes & Nocturnes",Neil Gaiman,1563892278,3,8/7/08,
Peace,Gene Wolfe,,4,7/13/08,
A Touch of Death,Charles    Williams,843955880,3,7/6/08,
"The Shadow of the Wind (The Cemetery of Forgotten Books, #1)",Carlos Ruiz Zafón,,5,5/13/08,
Kitchen Confidential: Adventures in the Culinary Underbelly,Anthony Bourdain,60899220,5,4/22/08,
Invisible Monsters,Chuck Palahniuk,393319296,3,3/21/08,
The Blind Assassin,Margaret Atwood,,1,3/1/08,
"The Lust Lizard of Melancholy Cove (Pine Cove, #2)",Christopher Moore,60735457,4,3/1/08,
"The Big Sleep (Philip Marlowe, #1)",Raymond Chandler,,5,2/28/08,
Strangers on a Train,Patricia Highsmith,393321983,4,2/1/08,
Marley and Me: Life and Love With the World’s Worst Dog,John Grogan,739461192,1,1/1/08,
Election,Tom Perrotta,399143661,4,1/1/08,
1984,George Orwell,,5,12/1/07,
McSweeney's Enchanted Chamber of Astonishing Stories,Michael Chabon,1400078741,3,11/9/07,
The Amazing Adventures of the Escapist: Volume 2,Brian K. Vaughan,1593071728,3,10/1/07,
"McSweeney's Issue 10: McSweeney's Mammoth Treasury of Thrilling Tales (McSweeney’s Quarterly Concern, #10)",Michael Chabon,140003339X,4,10/1/07,
13 Monsters,Dorothy Gladys Spicer,,3,9/1/07,
"Thinking with Type: A Critical Guide for Designers, Writers, Editors, and Students",Ellen Lupton,1568984480,5,8/1/07,
"Harry Potter and the Half-Blood Prince (Harry Potter, #6)",J.K. Rowling,,5,6/1/07,
The Invention of Hugo Cabret,Brian Selznick,,5,6/1/07,
"Harry Potter and the Order of the Phoenix (Harry Potter, #5)",J.K. Rowling,439686520,4,6/1/07,
"Harry Potter and the Goblet of Fire (Harry Potter, #4)",J.K. Rowling,439139597,4,6/1/07,
"Harry Potter and the Chamber of Secrets (Harry Potter, #2)",J.K. Rowling,,5,5/1/07,
"Harry Potter and the Prisoner of Azkaban (Harry Potter, #3)",J.K. Rowling,043965548X,5,5/1/07,
"Harry Potter and the Sorcerer's Stone (Harry Potter, #1)",J.K. Rowling,439554934,4,5/1/07,
White Fang,Jack London,,5,4/1/07,
"Sex, Drugs, and Cocoa Puffs: A Low Culture Manifesto",Chuck Klosterman,743236017,3,3/1/07,
"Rich Dad, Poor Dad",Robert T. Kiyosaki,751532711,3,1/1/05,
The Best American Short Stories 2008,E.L. Doctorow,395926866,3,1/1/05,
’Salem’s Lot,Stephen  King,450031063,3,1/1/05,
To Kill a Mockingbird,Harper Lee,60935464,5,1/1/04,
"The Restaurant at the End of the Universe (The Hitchhiker's Guide to the Galaxy, #2)",Douglas Adams,671664948,4,6/1/03,
"The Hitchhiker's Guide to the Galaxy (Hitchhiker's Guide to the Galaxy, #1)",Douglas Adams,671746065,5,6/1/03,
One Flew Over the Cuckoo’s Nest,Ken Kesey,,5,6/1/01,
Ten Little Indians,Sherman Alexie,009946456X,4,1/1/01,
The Lone Ranger and Tonto Fistfight in Heaven,Sherman Alexie,802141676,4,1/1/99,
Breakfast of Champions,Kurt Vonnegut Jr.,385334206,5,1/1/99,
More to the Story,Hena Khan,148149211X,0,,
The Huntress,Kate Quinn,62884344,0,,
The Guest List,Lucy Foley,,4,,
Small Things Like These,Claire Keegan,802158749,0,,
Good for a Girl: A Woman Running in a Man's World,Lauren Fleshman,593296788,0,,
The Deluge,Stephen Markley,1982123095,0,,
Prozac Nation,Elizabeth Wurtzel,1573225126,0,,
"Gideon the Ninth (The Locked Tomb, #1)",Tamsyn Muir,1250313198,0,,
Tower,Bae Myung-hoon,1916277128,0,,
The Woman in the Library,Sulari Gentill,,0,,
Fairy Tale,Stephen  King,1668002175,0,,
The Patron Saint of Liars,Ann Patchett,1841150509,0,,
Hiding the Elephant: How Magicians Invented the Impossible and Learned to Disappear,Jim Steinmeyer,786714018,0,,
"Love, Lies, and Hocus Pocus: Beginnings (The Lily Singer Adventures, #1)",Lydia Sherrer,,0,,
"Odd Thomas (Odd Thomas, #1)",Dean Koontz,553384287,3,,
"Agents of Influence: A British Plot, a Canadian Spy, and the Secret Effort to Bring America into World War II",Henry Hemming,1541742141,0,,
The Torqued Man,Peter  Mann,63072106,0,,
Madhouse at the End of the Earth: The Belgica's Journey into the Dark Antarctic Night,Julian Sancton,1984824333,0,,
Tiger Girl And The Candy Kid: America’s Original Gangster Couple – The Jazz Age True Crime Tale of a Million-Dollar Heist and Tabloid Infamy,Glenn Stout,358067774,0,,
The Great Train Robbery,Michael Crichton,553129198,0,,
Horseman: A Tale of Sleepy Hollow,Christina Henry,593199782,0,,
"The Apollo Murders (Apollo Murders, #1)",Chris Hadfield,316264539,0,,
Up in the Old Hotel,Joseph Mitchell,679746315,0,,
Let the Great World Spin,Colum McCann,1400063736,0,,
Light from Uncommon Stars,Ryka Aoki,1250789060,0,,
The Fortune Men,Nadifa Mohamed,241466946,0,,
Bewilderment,Richard Powers,393881148,0,,
"Wytches, Volume 1",Scott Snyder,1632153807,0,,
"The Diviners (The Diviners, #1)",Libba Bray,,0,,
The Hollow Places,T. Kingfisher,1534451129,0,,
The Adventures of Nicholas,Helen Siiteri,1412038650,0,,
"Favorite Recipes from Melissa Clark's Kitchen: Family Meals, Festive Gatherings, and Everything In-between",Melissa Clark,316354147,0,,
The Sentence,Louise Erdrich,006267112X,0,,
Homegoing,Yaa Gyasi,,0,,
The Book of Lost Names,Kristin Harmel,1982131896,0,,
White Is for Witching,Helen Oyeyemi,330458140,0,,
The Treasure of Alpheus Winterborn,John Bellairs,140380094,0,,
Secret of the Warlock's Crypt,Tom   Hayes,1626130493,0,,
"14 (Threshold, #1)",Peter Clines,,0,,
The Sword of Kaigen,M.L. Wang,,0,,
Christmas Tales of Terror (Tales of Terror),Chris Priestley,,0,,
The Dead of Winter,Chris Priestley,1408800136,0,,
"Jade City (The Green Bone Saga, #1)",Fonda Lee,316440884,0,,
The Fortress of Solitude,Jonathan Lethem,571219357,0,,
The Cold Millions,Jess Walter,006286808X,0,,
Beautiful Ruins,Jess Walter,61928127,0,,
"The Jigsaw Man (Inspector Anjelica Henley, #1)",Nadine Matheson,,0,,
Later,Stephen  King,,0,,
Northern Spy,Flynn Berry,,0,,
Code Name: Lise: The True Story of the Woman Who Became WWII's Most Highly Decorated Spy,Larry Loftis,1501198653,0,,
"Paris, 1919: Six Months that Changed the World",Margaret MacMillan,375760520,0,,
Fingersmith,Sarah Waters,1101057025,0,,
The Essential Ellison,Harlan Ellison,962344737,0,,
News of the World,Paulette Jiles,62409204,0,,
"Master & Commander (Aubrey & Maturin, #1)",Patrick O'Brian,393307050,0,,
I Capture the Castle,Dodie Smith,312181108,0,,
The Summer Book,Tove Jansson,954221710,0,,
The Ten Thousand Doors of January,Alix E. Harrow,316421995,0,,
Hour of the Witch,Chris Bohjalian,385542437,0,,
Wild Women and the Blues,Denny S.  Bryce,1496730089,0,,
Outlawed,Anna North,,0,,
The Hike,Drew Magary,399563857,0,,
"Murder in an Irish Village (Irish Village Mystery, #1)",Carlene O'Connor,1617738441,0,,
The Name of the Rose,Umberto Eco,156001314,0,,
Skippy Dies,Paul Murray,241141826,0,,
The Vanishing Half,Brit Bennett,,0,,
The Elephant in the Brain: Hidden Motives in Everyday Life,Kevin Simler,190496010,0,,
Barbarian Days: A Surfing Life,William Finnegan,1594203474,0,,
Lifespan: Why We Age―and Why We Don't Have To,David A. Sinclair,1501191977,0,,
Street of Eternal Happiness: Big City Dreams Along a Shanghai Road,Rob Schmitz,553418084,0,,
The Empty Mirror: Experiences in a Japanese Zen Monastery,Janwillem van de Wetering,312207743,0,,
"Ready Player Two (Ready Player One, #2)",Ernest Cline,1524761338,3,,
"While Justice Sleeps (Avery Keene, #1)",Stacey Abrams,385546572,0,,
First Person Singular: Stories,Haruki Murakami,593318072,0,,
The Committed,Viet Thanh Nguyen,,0,,
Hamnet,Maggie O'Farrell,1472223799,0,,
"The Black Count: Glory, Revolution, Betrayal, and the Real Count of Monte Cristo",Tom Reiss,030738246X,0,,
"A Highland Christmas (Hamish Macbeth, #15.5)",M.C. Beaton,,4,,
"The Last Lion: Winston Spencer Churchill: Defender of the Realm, 1940-1965",William Manchester,316547700,0,,
"That Wild Country: An Epic Journey through the Past, Present, and Future of America's Public Lands",Mark Kenyon,1542043050,0,,
The Snow Child,Eowyn Ivey,316175676,0,,
The Warmth of Other Suns: The Epic Story of America's Great Migration,Isabel Wilkerson,679444327,0,,
"Howl's Moving Castle (Howl's Moving Castle, #1)",Diana Wynne Jones,,0,,
Inner Engineering: A Yogi's Guide to Joy,Sadhguru,812997794,0,,
The Secrets We Kept,Lara Prescott,525656162,0,,
Joel on Software,Joel Spolsky,1590593898,0,,
"Conspiracy: Peter Thiel, Hulk Hogan, Gawker, and the Anatomy of Intrigue",Ryan Holiday,735217661,0,,
"The Silicon Boys: And Their Valley of Dreams – High-Tech Genius, Greed, and the Forging of the New Economy",David A. Kaplan,688179061,0,,
"The Great Brain (Great Brain, #1)",John D. Fitzgerald,142400580,0,,
Down and Out in the Magic Kingdom,Cory Doctorow,076530953X,0,,
In Cold Blood,Truman Capote,679745580,0,,
The Fisherman,John  Langan,1939905214,0,,
Dark Matter,Michelle Paver,1409123782,0,,
Unsheltered,Barbara Kingsolver,62865501,0,,
Truth & Beauty,Ann Patchett,60572159,0,,
"Alcatraz Versus the Evil Librarians (Alcatraz, #1)",Brandon Sanderson,439925509,0,,
Piranesi,Susanna Clarke,163557563X,0,,
"The Silver Arrow (The Silver Arrow, #1)",Lev Grossman,316539538,0,,
Why We Sleep: Unlocking the Power of Sleep and Dreams,Matthew Walker,,0,,
"No Place to Hide: Edward Snowden, the NSA, and the U.S. Surveillance State",Glenn Greenwald,162779073X,0,,
An Unnecessary Woman,Rabih Alameddine,802122140,0,,
"The Road to Unfreedom: Russia, Europe, America",Timothy Snyder,525574468,0,,
The Sun Down Motel,Simone St. James,440000173,0,,
"Hell Bent (Alex Stern, #2)",Leigh Bardugo,1250313112,0,,
Afterland,Lauren Beukes,031626783X,0,,
The Museum of Extraordinary Things,Alice Hoffman,1451693567,0,,
The Drifters,James A. Michener,449213536,0,,
Welcome to Hard Times,E.L. Doctorow,452275717,0,,
The Ox-Bow Incident,Walter Van Tilburg Clark,812972589,0,,
"The City of Brass (The Daevabad Trilogy, #1)",S.A. Chakraborty,62678108,0,,
Country,Michael     Hughes,62940325,0,,
Gods of Jade and Shadow,Silvia Moreno-Garcia,,0,,
The Outsider (Holly Gibney #1),Stephen  King,1501180983,0,,
Under the Frog,Tibor Fischer,312278713,0,,
The Invention of Wings,Sue Monk Kidd,143121707,0,,
The Glass Hotel,Emily St. John Mandel,525521143,0,,
"Sex Workers, Psychics, and Numbers Runners: Black Women in New York City's Underground Economy (New Black Studies Series)",LaShawn Harris,252040201,0,,
"Kindness Goes Unpunished (Walt Longmire, #3)",Craig Johnson,670031577,4,,
"The Splendid and the Vile: A Saga of Churchill, Family, and Defiance During the Blitz",Erik Larson,,0,,
Fleishman Is in Trouble,Taffy Brodesser-Akner,525510885,0,,
Endurance: Shackleton's Incredible Voyage,Alfred Lansing,,0,,
"In the Garden of Beasts: Love, Terror, and an American Family in Hitler's Berlin",Erik Larson,307408841,0,,
"Gorky Park (Arkady Renko, #1)",Martin Cruz Smith,345298349,0,,
Return To The Reich: A Holocaust Refugee’s Secret Mission to Defeat the Nazis,Eric Lichtblau,1328528537,0,,
Felon: Poems,Reginald Dwayne Betts,393652149,0,,
Night Boat to Tangier,Kevin Barry,385540310,0,,
A Man Without a Country,Kurt Vonnegut Jr.,081297736X,0,,
The Overstory,Richard Powers,039335668X,0,,
A Thousand Sisters: The Heroic Airwomen of the Soviet Union in World War II,Elizabeth Wein,62453041,0,,
Before We Were Yours,Lisa Wingate,425284689,0,,
Mistress of the Ritz,Melanie Benjamin,399182241,0,,
"The Goblin Emperor (The Chronicles of Osreth, #1)",Katherine Addison,076532699X,0,,
"Blind Willow, Sleeping Woman",Haruki Murakami,1400044618,0,,
The Immortal Irishman: The Irish Revolutionary Who Became an American Hero,Timothy Egan,544272889,0,,
Side Hustle: From Idea to Income in 27 Days,Chris Guillebeau,1524758841,0,,
Principles: Life and Work,Ray Dalio,1508243247,0,,
"Weird Parenting Wins: Bathtub Dining, Family Screams, and Other Hacks from the Parenting Trenches",Hillary Frank,143132555,0,,
The Five: The Untold Lives of the Women Killed by Jack the Ripper,Hallie Rubenhold,,0,,
Recursion,Blake Crouch,1524759783,0,,
"SAS Survival Handbook: How to Survive in the Wild, in Any Climate, on Land or at Sea",John  Wiseman,60578793,0,,
American Spy,Lauren Wilkinson,812998952,0,,
"Patriot Games (Jack Ryan, #1)",Tom Clancy,425134350,0,,
The Body: A Guide for Occupants,Bill Bryson,385539304,0,,
The Miraculous Journey of Edward Tulane,Kate DiCamillo,763625892,0,,
Dracula,Bram Stoker,393970124,3,,
Just Show Up: And Other Enduring Values from Baseball's Iron Man,Cal Ripken Jr.,1982656913,0,,
Say Nothing: A True Story of Murder and Memory in Northern Ireland,Patrick Radden Keefe,385521316,0,,
"The Tattooist of Auschwitz (The Tattooist of Auschwitz, #1)",Heather   Morris,006287067X,0,,
The Great War: Stories Inspired by Items from the First World War,David Almond,763675547,0,,
The Sisters Brothers,Patrick deWitt,62041266,5,,
"The Passage (The Passage, #1)",Justin Cronin,345504968,0,,
Lost Boy: The True Story of Captain Hook,Christina Henry,399584021,0,,
The Haunting of Ashburn House,Darcy Coates,994630603,0,,
The Porpoise,Mark Haddon,1784742821,0,,
The Last Train to London,Meg Waite Clayton,006294696X,0,,
"Out of Darkness, Shining Light",Petina Gappah,1982110333,0,,
Through the Woods,E.M. Carroll,1442465956,0,,
The World That We Knew,Alice Hoffman,1501137573,0,,
Citizen Soldiers: The US Army from the Normandy Beaches to the Bulge to the Surrender of Germany,Stephen E. Ambrose,684848015,0,,
Allies,Alan Gratz,1338245724,0,,
Remote: Office Not Required,David Heinemeier Hansson,804148996,0,,
Norse Mythology,Neil Gaiman,039360909X,4,,
Nancy Drew: The Palace of Wisdom,Kelly Thompson,,0,,
My Thoughts Exactly,Allen Lily,1911600923,0,,
The Witches Are Coming,Lindy West,316449881,0,,
American Predator: The Hunt for the Most Meticulous Serial Killer of the 21st Century,Maureen Callahan,052542864X,0,,
A Woman of No Importance: The Untold Story of the American Spy Who Helped Win World War II,Sonia Purnell,073522529X,0,,
Mama's Last Hug: Animal Emotions and What They Tell Us about Ourselves,Frans de Waal,393635066,0,,
The Heartbeat of Wounded Knee: Native America from 1890 to the Present,David Treuer,1594633150,0,,
The Sound of Gravel,Ruth Wariner,1250077699,0,,
The Wisdom of Wolves: Lessons From the Sawtooth Pack,Jim Dutcher,1426218869,0,,
All the Light We Cannot See,Anthony Doerr,1476746583,5,,
Killers of the Flower Moon: The Osage Murders and the Birth of the FBI,David Grann,385534248,3,,
"Code Name Verity (Code Name Verity, #1)",Elizabeth Wein,1405258217,0,,
Shining Through,Susan Isaacs,60159790,0,,
Hero Found: The Greatest POW Escape of the Vietnam War,Bruce   Henderson,61571369,0,,
Fort Yukon Trader,C. Masten Beaver,,3,,
"The Testaments (The Handmaid's Tale, #2)",Margaret Atwood,1784742325,0,,
The Starless Sea,Erin Morgenstern,1910701459,0,,
It,Stephen  King,,0,,
Little Children,Tom Perrotta,312315732,0,,
The Old Willis Place,Mary Downing Hahn,618430180,0,,
"Nightmares! (Nightmares!, #1)",Jason Segel,385744250,4,,
The Duke of Deception: Memories of My Father,Geoffrey Wolff,679727523,0,,
The Great Alone,Kristin Hannah,,0,,
"Paper Girls, Volume 2",Brian K. Vaughan,1632158957,0,,
Half Baked Harvest Cookbook: Recipes from My Barn in the Mountains,Tieghan Gerard,553496395,0,,
Grant,Ron Chernow,159420487X,0,,
You Don't Have to Say You Love Me,Sherman Alexie,031627075X,0,,
"What the Hell Did I Just Read: A Novel of Cosmic Horror (John Dies at the End, #3)",David  Wong,1250040205,0,,
Sleeping Beauties,Stephen  King,150116340X,0,,
"Sleeping Giants (Themis Files, #1)",Sylvain Neuvel,1101886692,0,,
The Mortal Storm,Phyllis Bottome,810114712,0,,
"Authority (Southern Reach, #2)",Jeff Vandermeer,374104107,0,,
"Ranger Games: A Story of Soldiers, Family and an Inexplicable Crime",Ben Blum,804166072,0,,
30 Days of Night,Steve Niles,971977550,3,,
The BFG,Roald Dahl,141311371,0,,
October Dreams: A Celebration of Halloween,Richard  Chizmar,451458958,0,,
"The Woman Who Smashed Codes: A True Story of Love, Spies, and the Unlikely Heroine who Outwitted America's Enemies",Jason Fagone,62430483,0,,
The Season of Passage,Christopher Pike,812510488,0,,
The Legend of Decimus Croome: A Halloween Carol,Kevin  Purdy,,0,,
Manhattan Beach,Jennifer Egan,1476716730,0,,
"Dynasty of Evil (Star Wars: Darth Bane, #3)",Drew Karpyshyn,345511565,4,,
The Time Traveler's Wife,Audrey Niffenegger,965818675,0,,
The Polysyllabic Spree,Nick Hornby,1932416242,0,,
The Writer and the Witch,Robin Sloan,,0,,
"Ajax Penumbra 1969 (Mr. Penumbra's 24-Hour Bookstore, #0.5)",Robin Sloan,,0,,
"2001: A Space Odyssey (Space Odyssey, #1)",Arthur C. Clarke,,0,,
Pale Blue Dot: A Vision of the Human Future in Space,Carl Sagan,345376595,0,,
"Holes (Holes, #1)",Louis Sachar,439244196,4,,
"Red Mars (Mars Trilogy, #1)",Kim Stanley Robinson,553560735,0,,
Double Indemnity,James M. Cain,679723226,4,,
"Rule of Two (Star Wars: Darth Bane, #2)",Drew Karpyshyn,345477480,3,,
Run Fast: How to Train for a Five-K or 10-K Race,Hal Higdon,875961037,4,,
"The Boy Who Followed Ripley (Ripley, #4)",Patricia Highsmith,039333211X,2,,
Bloodline (Star Wars),Claudia Gray,451486080,0,,
The Third Man,Graham Greene,140286829,3,,
"Path of Destruction (Star Wars: Darth Bane, #1)",Drew Karpyshyn,345477367,4,,
Real Food: What to Eat and Why,Nina Planck,1596911441,0,,
The Canning Season,Polly Horvath,374399565,0,,
Women Crime Writers: Four Suspense Novels of the 1940s:  Laura / The Horizontal Man / In a Lonely Place / The Blank Wall (Library of America Women Crime Writers Collection),Sarah Weinman,1598534300,0,,
"Made to Kill (Ray Electromatic Mysteries, #1)",Adam Christopher,076537918X,0,,
A Monster Calls,Patrick Ness,1406311529,3,,
Rocket Boys (Coalwood #1),Homer Hickam,385333218,0,,
"The Infernals (Samuel Johnson, #2)",John Connolly,145164308X,0,,
Rebecca,Daphne du Maurier,316323705,0,,
Girl in a Band,Kim  Gordon,62295896,3,,
The Billion Dollar Spy: A True Story of Cold War Espionage and Betrayal,David E. Hoffman,385537603,2,,
Darth Plagueis (Star Wars),James Luceno,034551128X,0,,
Lost Stars (Star Wars),Claudia Gray,1484724984,0,,
Billy Lynn's Long Halftime Walk,Ben Fountain,60885599,4,,
Born Standing Up: A Comic's Life,Steve  Martin,1416553649,3,,
"The Angel's Game (The Cemetery of Forgotten Books, #2)",Carlos Ruiz Zafón,385528701,0,,
"The Girl in the Spider's Web (Millennium, #4)",David Lagercrantz,385354282,3,,
Witches of America,Alex  Mar,374291373,0,,
The Heart Goes Last,Margaret Atwood,385540353,0,,
"Futuristic Violence and Fancy Suits (Zoey Ashe, #1)",David  Wong,1250040191,0,,
"Riders of the Purple Sage (Riders of the Purple Sage, #1)",Zane Grey,812966120,0,,
Ghost Story,Peter Straub,671685635,4,,
The River of Doubt: Theodore Roosevelt's Darkest Journey,Candice Millard,767913736,0,,
In the Unlikely Event,Judy Blume,1101875046,3,,
The Magic of Reality: How We Know What's Really True,Richard Dawkins,1439192812,0,,
The Secret Life of Houdini: The Making of America's First Superhero,William Kalush,743272072,0,,
Flotsam,David Wiesner,618194576,5,,
The Lion and the Mouse,Jerry Pinkney,316013560,0,,
Men Without Women,Ernest Hemingway,,0,,
My Uncle Oswald,Roald Dahl,140055770,3,,
"Daniel Silva Gabriel Allon Novels 1-4 (Gabriel Allon, #1-4)",Daniel Silva,1101538856,0,,
"The High Window (Philip Marlowe, #3)",Raymond Chandler,394758269,3,,
The Art of Fielding,Chad Harbach,316126691,5,,
A Tree Grows in Brooklyn,Betty  Smith,61120073,5,,
Shopgirl,Steve  Martin,786891076,4,,
"The Girl With the Dragon Tattoo (Millennium, #1)",Stieg Larsson,670069019,4,,
"Sand (The Sand Chronicles, #1)",Hugh Howey,,0,,
Colorless Tsukuru Tazaki and His Years of Pilgrimage,Haruki Murakami,385352107,0,,
The Bone Clocks,David  Mitchell,1400065674,0,,
The Storied Life of A.J. Fikry,Gabrielle Zevin,1616203218,0,,
The Girl Who Played with Fire (Millennium #2),Stieg Larsson,307269981,4,,
"This Book Is Full of Spiders (John Dies at the End, #2)",David  Wong,312546343,4,,
Someone Could Get Hurt: A Memoir of Twenty-First-Century Parenthood,Drew Magary,159240832X,3,,
Robot Uprisings,Daniel H. Wilson,345803639,4,,
"The Hedge Knight (The Tales of Dunk and Egg, #1)",George R.R. Martin,,0,,
The Book Thief,Markus Zusak,,5,,
Slow Getting Up: A Story of NFL Survival from the Bottom of the Pile,Nate Jackson,62108026,4,,
"Doctor Sleep (The Shining, #2)",Stephen  King,1476727651,0,,
Vader's Little Princess,Jeffrey   Brown,1452118698,0,,
Jim Henson: The Biography,Brian Jay Jones,345526112,0,,
Different Seasons,Stephen  King,,4,,
The Inheritors,William Golding,156443791,0,,
Tourist Season,Carl Hiaasen,446695718,0,,
Shaman,Kim Stanley Robinson,316098078,0,,
Shantaram,Gregory David Roberts,192076920X,0,,
Then We Came to the End,Joshua Ferris,316016381,0,,
Beasts!: Book Two,Jacob Covey,1560979496,0,,
Beasts! Book One,Jacob Covey,156097768X,0,,
20th Century Ghosts,Joe Hill,61147974,0,,
Do Androids Dream of Electric Sheep?,Philip K. Dick,345350472,0,,
"A Clash of Kings  (A Song of Ice and Fire, #2)",George R.R. Martin,,5,,
Start Your Own Corporation: Why the Rich Own Their Own Companies and Everyone Else Works for Them (Rich Dad's Advisors),Garrett Sutton,1937832007,0,,
Dad Is Fat,Jim Gaffigan,038534905X,0,,
Cooked: A Natural History of Transformation,Michael Pollan,1594204217,0,,
Warren Buffett: An Illustrated Biography of the World's Most Successful Investor,Ayano Morio,470821531,0,,
"The Eye of the World (The Wheel of Time, #1)",Robert Jordan,812511816,0,,
While Mortals Sleep: Unpublished Short Fiction,Kurt Vonnegut Jr.,385343736,5,,
"Ranger Confidential: Living, Working, And Dying In The National Parks",Andrea Lankford,762752637,0,,
Lucky Jim,Kingsley Amis,140186301,0,,
"Tales of Terror from the Tunnel's Mouth (Tales of Terror, #3)",Chris Priestley,1408800144,0,,
"Tales of Terror from the Black Ship (Tales of Terror, #2)",Chris Priestley,1599902907,0,,
"Uncle Montague's Tales of Terror (Tales of Terror, #1)",Chris Priestley,1599901188,4,,
"In a Glass Grimmly (A Tale Dark & Grimm, #2)",Adam Gidwitz,1101591617,0,,
"Makeshift Workshop Skills for Survival and Self-Reliance: Expedient Ways to Make Your Own Tools, Do Your Own Repairs and Construct Useful Things Out of Raw and Salvaged Materials",James Ballou,1581607059,0,,
Snow Crash,Neal Stephenson,553380958,0,,
The Stand,Stephen  King,,0,,
Logan's Run,William F. Nolan,553025171,0,,
Redshirts,John Scalzi,765316994,0,,
Four Color Fear: Forgotten Horror Comics Of The 1950s,Greg Sadowski,1606993437,0,,
Dark Harvest,Norman Partridge,076531911X,0,,
Magic Street,Orson Scott Card,345416902,0,,
Otherland 1 - 4 Boxed Set,Tad Williams,3608934251,0,,
"Land of Nod, The Artifact (Land of Nod #1)",Gary  Hoover,,0,,
"The Talisman (The Talisman, #1)",Stephen  King,375507779,0,,
Player Piano,Kurt Vonnegut Jr.,385333781,0,,
The Magician King (The Magicians #2),Lev Grossman,670022314,4,,
The Rats in the Walls,H.P. Lovecraft,2266150227,0,,
"Lonesome Dove (Lonesome Dove, #1)",Larry McMurtry,067168390X,4,,
Steve Jobs,Walter Isaacson,1451648537,4,,
100 Things Every Designer Needs to Know About People,Susan M. Weinschenk,321767535,0,,
"Pulp: Charles Bukowski's Final Hardboiled Noir Comedy – Lady Death, Aliens, and the Absurd",Charles Bukowski,876859260,0,,
Tiny Homes: Simple Shelter (The Shelter Library of Building Books),Lloyd Kahn,936070528,0,,
Island of the Sequined Love Nun,Christopher Moore,60735449,4,,
Pulphead,John Jeremiah Sullivan,374532907,0,,
"Mockingjay (The Hunger Games, #3)",Suzanne Collins,439023513,3,,
Daytripper,Fábio Moon,1401229697,0,,
"Vector Prime (Star Wars: The New Jedi Order, #1)",R.A. Salvatore,345479335,0,,
The History of Money,Jack Weatherford,609801724,0,,
Live Off the Land in the City and Country,Ragnar Benson,873642007,0,,
The Dream Life of Balso Snell,Nathanael West,486433897,0,,
The Cry of the Owl,Patricia Highsmith,99282976,0,,
"King Dork (King Dork, #1)",Frank Portman,385732910,0,,
I Am the Cheese,Robert Cormier,141300515,0,,
Zone One,Colson Whitehead,385528078,0,,
Shadow Warriors: Inside the Special Forces (Commanders),Tom Clancy,330480731,0,,
"Hellboy, Vol. 1: Seed of Destruction and Wake the Devil",Mike Mignola,1593079109,4,,
Field & Stream: The Complete Hunter,Doug Painter,1585743135,0,,
Roald Dahl's Book of Ghost Stories,Roald Dahl,374251312,3,,
"The Hangman's Daughter (The Hangman's Daughter, #1)",Oliver Pötzsch,,0,,
White Noise,Don DeLillo,140283307,0,,
The Postman Always Rings Twice,James M. Cain,752861743,0,,
Squadron Supreme,Mark Gruenwald,,0,,
The Leftovers,Tom Perrotta,312358342,0,,
"Hellboy, Vol. 1: Seed of Destruction",Mike Mignola,1593070942,0,,
Frank Miller's Ronin,Frank Miller,930289218,3,,
Wolverine: Origin,Paul Jenkins,1417639091,0,,
Kingdom Come,Mark Waid,1563893304,5,,
Batman: Arkham Asylum - A Serious House on Serious Earth,Grant Morrison,1401204252,0,,
"The League of Extraordinary Gentlemen, Vol. 1",Alan             Moore,1563898586,4,,
"Preacher, Volume 1: Gone to Texas",Garth Ennis,,4,,
Ghost World,Daniel Clowes,1560974273,3,,
Batman: The Long Halloween,Jeph Loeb,1563894696,4,,
"Y: The Last Man, Vol. 1: Unmanned",Brian K. Vaughan,1563899809,0,,
Welcome to Lovecraft (Locke & Key #1),Joe Hill,1600102379,0,,
Men and Cartoons: Stories,Jonathan Lethem,1400076803,0,,
"Wild Cards (Wild Cards, #1)",George R.R. Martin,1596872829,0,,
Soon I Will Be Invincible,Austin Grossman,375424865,0,,
"Innocent (Kindle County Legal Thriller, #8)",Scott Turow,446562424,0,,
The War of the Worlds,H.G. Wells,375759239,0,,
"The Early Stories, 1953-1975",John Updike,141016086,0,,
The Third Policeman,Flann O'Brien,156478214X,0,,
Mystery Train: Images of America in Rock 'n' Roll,Greil Marcus,452278368,0,,
Killing Yourself to Live: 85% of a True Story,Chuck Klosterman,743264460,0,,
Like Punk Never Happened: Culture Club and the New Pop,Dave Rimmer,571137393,0,,
"Chew, Vol. 1: Taster's Choice",John Layman,1607061597,0,,
A Child Across the Sky,Jonathan Carroll,385265352,0,,
Inherent Vice,Thomas Pynchon,1594202249,0,,
Hamlet's BlackBerry: A Practical Philosophy for Building a Good Life in the Digital Age,William  Powers,61687162,0,,
Punching Out: One Year in a Closing Auto Plant,Paul Clemens,385521154,0,,
The Film That Changed My Life: 30 Directors on Their Epiphanies in the Dark,Robert K. Elder,1556528256,0,,
How to Write a Sentence: And How to Read One,Stanley Fish,61840548,0,,
The Maltese Falcon,Dashiell Hammett,,5,,
My Gun Is Quick (Mike Hammer #2),Mickey Spillane,451135520,0,,
You Might Be a Zombie and Other Bad News,Cracked.com,452296390,0,,
Animal Farm,George Orwell,9799644828,0,,
"The A.B.C. Murders (Hercule Poirot, #13)",Agatha Christie,1579126243,0,,
The Big Con: The Story of the Confidence Man,David W. Maurer,385495382,0,,
Manhunt: The 12-Day Chase for Lincoln's Killer,James L. Swanson,60518502,0,,
The Historian,Elizabeth Kostova,751537284,0,,
Watchers,Dean Koontz,,0,,
Squirrel Seeks Chipmunk,David Sedaris,316038393,0,,
Wild Stories: The Best of Men's Journal,Jim Harrison,1400048303,0,,
The Undertaking: Life Studies from the Dismal Trade,Thomas Lynch,140276238,0,,
"The Prince of Mist (Niebla, #1)",Carlos Ruiz Zafón,316044776,0,,
The Long Ships,Frans G. Bengtsson,000612609X,0,,
"The Rise of Theodore Roosevelt (Theodore Roosevelt, #1)",Edmund  Morris,,0,,
"The Handmaid’s Tale (The Handmaid's Tale, #1)",Margaret Atwood,038549081X,4,,
"The Da Vinci Code (Robert Langdon, #2)",Dan    Brown,,2,,
Fast Food Nation: The Dark Side of the All-American Meal,Eric Schlosser,60838582,3,,
The Absolutely True Diary of a Part-Time Indian,Sherman Alexie,316013684,3,,
"The Keep (Adversary Cycle, #1)",F. Paul Wilson,765357054,0,,
The Glass Castle,Jeannette Walls,074324754X,0,,
In the Shining Mountains,David    Thomson,553148214,0,,
The Wilderness Warrior: Theodore Roosevelt and the Crusade for America,Douglas Brinkley,60565284,0,,
Yeager: An Autobiography,Chuck Yeager,553256742,0,,
The Right Stuff,Tom Wolfe,553381350,0,,
Dune,Frank Herbert,,0,,
The Zombie Survival Guide: Complete Protection from the Living Dead,Max Brooks,1400049628,0,,
Crooked Little Vein,Warren Ellis,60723939,0,,
"The Homecoming (Wonderfully Illustrated Short Pieces, 2)",Ray Bradbury,60859628,0,,
Wicked Plants: The Weed That Killed Lincoln's Mother and Other Botanical Atrocities,Amy  Stewart,1565126831,0,,
Batman: Whatever Happened to the Caped Crusader?,Neil Gaiman,1401223036,0,,
Confessions of an Advertising Man,David Ogilvy,1904915019,0,,
Breath,Tim Winton,374116342,0,,
One Hundred Years of Solitude,Gabriel García Márquez,,0,,
The Grapes of Wrath,John Steinbeck,,0,,
The Little Prince,Antoine de Saint-Exupéry,152023984,5,,
Fahrenheit 451,Ray Bradbury,307347974,5,,
High Fidelity,Nick Hornby,1573225517,4,,
I Was Told There'd Be Cake: Essays,Sloane Crosley,159448306X,0,,
When You Are Engulfed in Flames,David Sedaris,316143472,0,,
The Lodger,Marie Belloc Lowndes,897332997,0,,
The House of the Spirits,Isabel Allende,553383809,0,,
Welcome to the Monkey House,Kurt Vonnegut Jr.,385333501,4,,
The Perfect Storm: A True Story of Men Against the Sea,Sebastian Junger,393050327,4,,
"The Loo Sanction (Jonathan Hemlock, #2)",Trevanian,1400098289,5,,
Shibumi,Trevanian,1400098033,5,,
"The Eiger Sanction (Jonathan Hemlock, #1)",Trevanian,,5,,
The Summer of Katya,Trevanian,1400098041,3,,
Even Cowgirls Get the Blues,Tom Robbins,055334949X,5,,
Villa Incognito,Tom Robbins,553382195,3,,
Travels with Charley: In Search of America,John Steinbeck,142000701,4,,
"God Bless You, Mr. Rosewater",Kurt Vonnegut Jr.,385333471,4,,
Marvel 1602,Neil Gaiman,785123113,4,,
Never Let Me Go,Kazuo Ishiguro,1400078776,0,,
The Lord of the Rings,J.R.R. Tolkien,618640150,4,,
Eiger Dreams: Ventures Among Men and Mountains,Jon Krakauer,385488181,2,,
Into Thin Air: A Personal Account of the Mt. Everest Disaster,Jon Krakauer,,5,,
Into the Wild,Jon Krakauer,385486804,4,,
The Poisonwood Bible,Barbara Kingsolver,60786507,0,,
The Halloween Tree,Ray Bradbury,375803017,4,,
"Song of Susannah (The Dark Tower, #6)",Stephen  King,1416521496,3,,
"Wolves of the Calla (The Dark Tower, #5)",Stephen  King,141651693X,5,,
"The Dark Tower (The Dark Tower, #7)",Stephen  King,,4,,
"Wizard and Glass (The Dark Tower, #4)",Stephen  King,340829788,3,,
"The Waste Lands (The Dark Tower, #3)",Stephen  King,670032565,4,,
"Harry Potter and the Deathly Hallows (Harry Potter, #7)",J.K. Rowling,,5,,
Timeline,Michael Crichton,99244721,4,,
Geek Love,Katherine Dunn,375713344,3,,
Birds of America: Stories,Lorrie Moore,312241224,3,,
The Count of Monte Cristo,Alexandre Dumas,140449264,5,,
Mildred Pierce,James M. Cain,752852043,4,,
The Colorado Kid,Stephen  King,843955848,3,,
"Fluke: Or, I Know Why the Winged Whale Sings",Christopher Moore,006056668X,5,,
"Coyote Waits (Leaphorn & Chee, #10)",Tony Hillerman,61099325,3,,
Interpreter of Maladies,Jhumpa Lahiri,618101365,3,,
Shrub: The Short but Happy Political Life of George W. Bush,Molly Ivins,375757147,3,,
A Spot of Bother,Mark Haddon,385520514,4,,
"The House with a Clock in Its Walls (Lewis Barnavelt, #1)",John Bellairs,,4,,
"A Working Stiff's Manifesto: A Memoir of Thirty Jobs I Quit, Nine That Fired Me, and Three I Can't Remember",Iain Levison,812967941,3,,
The Hungry Ocean: A Swordboat Captain's Journey,Linda Greenlaw,786885416,4,,
The Lobster Chronicles: Life on a Very Small Island,Linda Greenlaw,786885912,4,,
"The Hot Kid (Carl Webster, #1)",Elmore Leonard,60724234,4,,
Freaky Deaky,Elmore Leonard,60089555,3,,
"Rabbit, Run (Rabbit Angstrom, #1)",John Updike,449911659,3,,
A Scanner Darkly,Philip K. Dick,057507681X,4,,
Survivor,Chuck Palahniuk,009928264X,4,,
A Short History of Nearly Everything,Bill Bryson,076790818X,5,,
A Walk in the Woods: Rediscovering America on the Appalachian Trail,Bill Bryson,307279464,5,,
The Price of Salt,Claire  Morgan,393325997,4,,
"The Talented Mr. Ripley (Ripley, #1)",Patricia Highsmith,,4,,
A Sand County Almanac and Sketches Here and There,Aldo Leopold,195007778,3,,
Possession,A.S. Byatt,679735909,4,,
The Fool's Progress,Edward Abbey,805057919,3,,
"Hayduke Lives! (Monkey Wrench Gang, #2)",Edward Abbey,316004138,3,,
"The Monkey Wrench Gang (Monkey Wrench Gang, #1)",Edward Abbey,61129763,5,,
Desert Solitaire,Edward Abbey,345326490,5,,
The Stone Diaries,Carol Shields,143036394,3,,
Kafka on the Shore,Haruki Murakami,,4,,
The Wind-Up Bird Chronicle,Haruki Murakami,,5,,
Nine Stories,J.D. Salinger,316767727,3,,
The Catcher in the Rye,J.D. Salinger,316769177,5,,
Everything is Illuminated,Jonathan Safran Foer,60529709,4,,
Extremely Loud & Incredibly Close,Jonathan Safran Foer,618711651,5,,
Holidays on Ice,David Sedaris,316191299,3,,
Lolita,Vladimir Nabokov,,4,,
The Great Gatsby,F. Scott Fitzgerald,743273567,5,,
The Curious Incident of the Dog in the Night-Time,Mark Haddon,1400032717,4,,
Pastoralia,George Saunders,747553866,3,,
Me Talk Pretty One Day,David Sedaris,349113912,4,,
"The Sicilian (The Godfather, #2)",Mario Puzo,345441702,3,,
The Amazing Adventures of Kavalier & Clay,Michael Chabon,312282990,5,,
The Call of the Wild,Jack London,,5,,
"The Drawing of the Three (The Dark Tower, #2)",Stephen  King,451210859,3,,
"The Gunslinger (The Dark Tower, #1)",Stephen  King,1501143514,3,,